seed,step,row_space_rotation,update_norm,actual_full_response_cost,actual_heldout_auc,current_kernel_heldout_auc,source_kernel_heldout_auc,far_time_kernel_heldout_auc,permuted_kernel_heldout_auc,current_minus_actual_auc,current_minus_source_kernel_auc,current_minus_far_time_kernel_auc,current_minus_permuted_kernel_auc
85741,0,6.664001874625058e-08,0.06902758777141571,0.18706192495290938,0.0007471621831301147,0.0038208390582361584,0.0038208390582361584,0.0025792643704891953,0.0007503262069988025,0.0030736768751060436,0.0,0.0012415746877469632,0.003070512851237356
85741,4,0.4377256400347942,0.043324295431375504,0.11386144554144022,0.0,0.0005716512453869393,0.0004214694718200968,0.0005543118228429931,0.0,0.0005716512453869393,0.00015018177356684252,1.7339422543946235e-05,0.0005716512453869393
85741,8,0.6431655994450728,0.032179392874240875,0.052366170396835235,0.0001833073467222156,0.0007107158966800364,0.00039200587614421356,0.0006704002967373353,0.00017839528071733921,0.0005274085499578209,0.00031871002053582287,4.031559994270117e-05,0.0005323206159626973
85741,12,0.6326505409688735,0.03091607429087162,0.05768934191550587,0.0005019969391201473,0.0016225675509680126,0.0010442047069718597,0.0013160960435296563,0.0004981797481557131,0.0011205706118478653,0.0005783628439961529,0.0003064715074383563,0.0011243878028122994
85741,16,0.5319938844364105,0.02916533872485161,0.038984618239493465,0.00017621404113332066,0.0011715094403880189,0.0006315143589891714,0.0006315143589891714,0.00017572549899713994,0.000995295399254698,0.0005399950813988474,0.0005399950813988474,0.000995783941390879
85741,20,0.48849865326669273,0.028851812705397606,0.0518215332183257,-4.776574000982402e-05,0.0007654686528212328,0.0006261873164554947,0.000715594993219169,-4.519135917801447e-05,0.0008132343928310568,0.0001392813363657381,4.987365960206381e-05,0.0008106600119992472
85741,24,0.47770800768321897,0.02808026224374771,0.04045171738155313,0.0,0.0005900877153316442,0.0005035759349429255,0.0004859947662278115,-3.986051968977228e-05,0.0005900877153316442,8.651178038871865e-05,0.00010409294910383265,0.0006299482350214165
85741,28,0.46734173284566033,0.02836064249277115,0.039426727609686005,0.000303093834989261,0.000883475189115912,0.0007481452541671683,0.0007787948226586195,0.0003016499538426864,0.000580381354126651,0.00013532993494874376,0.00010468036645729258,0.0005818252352732256
85742,0,5.16191365590357e-08,0.06924660503864288,0.24798574495027972,0.0006934617154218053,0.0028485573998043856,0.0028485573998043856,0.002515574744829228,0.0006894645178836965,0.0021550956843825802,0.0,0.0003329826549751578,0.002159092881920689
85742,4,0.3589951072609127,0.03879506140947342,0.0870525797146461,0.0,0.0016998574224215135,0.001348861983237199,0.0015503221339067304,0.0,0.0016998574224215135,0.00035099543918431456,0.00014953528851478315,0.0016998574224215135
85742,8,0.46497339208985367,0.03288443759083748,0.07619346169676645,0.0003140040681149277,0.0016459204110862435,0.0015866883578504372,0.001541903108369963,0.0003139737288187042,0.0013319163429713159,5.923205323580638e-05,0.00010401730271628051,0.0013319466822675394
85742,12,0.46645380787248236,0.0326419398188591,0.08314618272052295,0.000546001808317721,0.001851821899085282,0.0018118717053269744,0.0017283854084064003,0.000542753679750303,0.001305820090767561,3.9950193758307544e-05,0.00012343649067888163,0.001309068219334979
85742,16,0.46019342475355335,0.030641423538327217,0.047133972491497055,0.00024830703573614247,0.0012154941159240318,0.0010014118057296141,0.0010014118057296141,0.0002480466208477176,0.0009671870801878893,0.00021408231019441767,0.00021408231019441767,0.0009674474950763141
85742,20,0.43626166570505703,0.02952568233013153,0.04240775944419355,2.4867064320076448e-06,0.0005502045886344176,0.0004826595034091718,0.0005209803902857246,2.9943416327159344e-06,0.00054771788220241,6.754508522524577e-05,2.9224198348692942e-05,0.0005472102470017017
85742,24,0.41755575397553507,0.029599523171782494,0.04233493139070214,-0.00010365489524782889,-4.506952090488347e-05,-7.063911040284007e-05,-5.669159055000464e-05,-0.00010040886596720161,5.8585374342945424e-05,2.55695894979566e-05,1.162206964512117e-05,5.533934506231814e-05
85742,28,0.4000877280781414,0.028463177382946014,0.039666102305293494,0.0,-0.00032851258880417506,-0.0003290199167161118,-0.00031753707227274997,0.0,-0.00032851258880417506,5.073279119367671e-07,-1.097551653142509e-05,-0.00032851258880417506
85743,0,3.332000937312528e-08,0.06924812495708466,0.2104235069185105,0.001106152651857965,0.00491131080391749,0.00491131080391749,0.003997943991057425,0.0010931871812309762,0.003805158152059525,0.0,0.0009133668128600654,0.003818123622686514
85743,4,0.39262268747137735,0.03668774291872978,0.08670163777486291,0.0,0.0007406419534120577,0.0008760748383303909,0.0009730310502785906,0.0,0.0007406419534120577,-0.00013543288491833316,-0.00023238909686653286,0.0007406419534120577
85743,8,0.5053352123708501,0.03279201686382294,0.0629134246377909,0.0,0.00011487564573242626,0.0003120740217088339,0.0,0.0,0.00011487564573242626,-0.00019719837597640766,0.00011487564573242626,0.00011487564573242626
85743,12,0.5457828053698012,0.03081589750945568,0.062205103487461604,0.0003526366493128492,0.0015345372712033398,0.0011974611492084218,0.001181455440570772,0.0003473611283005181,0.0011819006218904905,0.00033707612199491803,0.0003530818306325678,0.0011871761429028218
85743,16,0.4934035903057582,0.030585911124944687,0.045836516885728894,0.00028798117116956814,0.0014951133740386255,0.0009636010406064831,0.0009636010406064831,0.00028906979549198075,0.0012071322028690574,0.0005315123334321424,0.0005315123334321424,0.0012060435785466448
85743,20,0.37363899271932016,0.030954156070947647,0.046261322931635616,8.787794458021815e-05,0.0005716182117244673,0.0004427945706560619,0.00048710506100840204,8.684981741501833e-05,0.0004837402671442491,0.00012882364106840536,8.45131507160652e-05,0.0004847683943094489
85743,24,0.2886056303026666,0.029111674055457115,0.041439737631356166,-0.00012097789483259123,0.0003308991187147558,0.00030275085234143795,0.0002882671322146831,-0.000118967607629395,0.00045187701354734705,2.8148266373317855e-05,4.263198650007272e-05,0.0004498667263441508
85743,28,0.317473096528608,0.028429990634322166,0.027139439323705897,0.0,0.0,0.0,0.0,0.0,0.0,0.0,0.0,0.0
85744,0,4.712160915387242e-08,0.06869293749332428,0.2367576820641503,0.0006292098324763418,0.0012990977864433262,0.0012990977864433262,0.0013318673380927008,0.0006309988612651794,0.0006698879539669844,0.0,-3.27695516493746e-05,0.0006680989251781468
85744,4,0.33429889206557345,0.03496108949184418,0.08533793405855897,0.0,0.0001983476415426955,9.5377206776551e-05,0.00017167292376912832,0.0,0.0001983476415426955,0.00010297043476614448,2.6674717773567168e-05,0.0001983476415426955
85744,8,0.43414837462941286,0.03150204196572304,0.07355620503308062,0.00020569779344558858,0.0013811495648553551,0.0013231624198320005,0.0013408386034532334,0.00020337972997603684,0.0011754517714097665,5.7987145023354666e-05,4.031096140212176e-05,0.0011777698348793182
85744,12,0.4639913710114022,0.02996322326362133,0.06657966121187825,0.00043215576796300063,0.0015867594135945406,0.0014661660093099418,0.0016221476191861093,0.0004305482351660653,0.0011546036456315401,0.00012059340428459886,-3.538820559156864e-05,0.0011562111784284754
85744,16,0.46062420736485876,0.02822680026292801,0.04085826645158751,4.452824624195322e-05,0.0007692874708162823,0.0006113884464751282,0.0006113884464751282,4.393831170407567e-05,0.0007247592245743291,0.00015789902434115417,0.00015789902434115417,0.0007253491591122067
85744,20,0.41427057613849044,0.0278184674680233,0.05070222044485433,-0.0002207602229631869,0.0005001947197506018,0.00043758920174287604,0.00048461013514968415,-0.00022008893127387075,0.0007209549427137888,6.260551800772577e-05,1.558458460091766e-05,0.0007202836510244726
85744,24,0.3586049235507376,0.027085918933153152,0.031001438340646253,-4.807415097745564e-05,0.0006592279028352355,0.0005891730544402315,0.000570305420017517,-5.149550431212309e-05,0.0007073020538126911,7.005484839500394e-05,8.892248281771849e-05,0.0007107234071473586
85744,28,0.3437245229447022,0.02892974391579628,0.039897099189345586,0.0001409678950687702,0.0008297621399194766,0.0007492731538719377,0.000714642020867906,0.00013785249618557415,0.0006887942448507064,8.048898604753885e-05,0.0001151201190515706,0.0006919096437339024
85745,0,4.2146848510894035e-08,0.0692480206489563,0.19380998707691777,0.001515584474164259,0.004703160496534519,0.004703160496534519,0.0037993668881067372,0.0015131694885671457,0.00318757602237026,0.0,0.0009037936084277816,0.003189991007967373
85745,4,0.3544048247406301,0.036707744002342224,0.08558078298688179,0.0,0.001778231772308847,0.0015939455683695435,0.0017691131919737033,0.0,0.001778231772308847,0.00018428620393930346,9.118580335143673e-06,0.001778231772308847
85745,8,0.44069744391205,0.033656470477581024,0.0677247155020829,0.0,0.0009309240315940047,0.0008909415520408728,0.0009097997634689342,0.0,0.0009309240315940047,3.9982479553131943e-05,2.112426812507051e-05,0.0009309240315940047
85745,12,0.39453528563255397,0.031701281666755676,0.043494693081080754,0.00012583347515288421,0.001130158059747366,0.0009935204555080888,0.0009928766626116112,0.0001223468102983269,0.0010043245845944818,0.0001366376042392771,0.00013728139713575479,0.001007811249449039
85745,16,0.35432477697913745,0.03071850724518299,0.027231131709008292,0.00010934165761326984,0.0010472976799787979,0.0008906978359593531,0.0008906978359593531,0.00011042256920149348,0.000937956022365528,0.00015659984401944472,0.00015659984401944472,0.0009368751107773044
85745,20,0.33011089006497746,0.03066626749932766,0.043601099460515026,9.153353718068122e-05,0.0007902721130579325,0.0006979828332099591,0.0007284818937154566,8.821202242630882e-05,0.0006987385758772513,9.228927984797342e-05,6.179021934247598e-05,0.0007020600906316237
85745,24,0.32960429679485687,0.03186524286866188,0.05587934639243175,-1.129174971251707e-05,0.00028182281335431547,0.00027072400037627303,0.00027969914708845617,-6.897581575666791e-06,0.00029311456306683255,1.1098812978042438e-05,2.1236662658593035e-06,0.0002887203949299823
85745,28,0.33257662639938484,0.03104512393474579,0.049861995542780695,3.821592151663037e-05,0.00036793195221240804,0.0003456616070516406,0.0003731766820073146,3.8346571956701966e-05,0.00032971603069577765,2.2270345160767442e-05,-5.244729794906533e-06,0.00032958538025570607
85746,0,4.712160915387242e-08,0.06924662739038467,0.22715179934321486,0.0007600674591729681,0.003619098312272584,0.003619098312272584,0.0024720402713202094,0.0007576409251734416,0.002859030853099616,0.0,0.0011470580409523746,0.002861457387099142
85746,4,0.41320645444194254,0.036601390689611435,0.09778525848781958,8.746189065824322e-05,0.0015371642851823575,0.0010135620877076608,0.0014374993274589114,8.832308033864131e-05,0.0014497023945241143,0.0005236021974746967,9.966495772344608e-05,0.0014488412048437162
85746,8,0.5724959605327965,0.031632598489522934,0.08669967254651073,0.00012408032611334484,0.001458703198621736,0.0011847774624060001,0.001316193513663312,0.00012080747443870182,0.0013346228725083912,0.0002739257362157359,0.00014250968495842405,0.0013378957241830343
85746,12,0.6122160296567029,0.029788454994559288,0.055337975374876655,-3.434364048220272e-05,0.0007549352773792428,0.0006644363871679085,0.0007497163108664919,-3.581468418030938e-05,0.0007892789178614455,9.049889021133428e-05,5.218966512750885e-06,0.0007907499615595522
85746,16,0.575477737086065,0.030449671670794487,0.0469193253543561,0.0001437125028113754,0.0012841045611967639,0.0007316722067031742,0.0007316722067031742,0.00014112280409511429,0.0011403920583853884,0.0005524323544935897,0.0005524323544935897,0.0011429817571016495
85746,20,0.44039875098031633,0.03159373253583908,0.056386873361941724,0.00012165835518475794,0.0008250967618558258,0.0006396635838287046,0.0007527509470559887,0.00011960120712285285,0.0007034384066710678,0.0001854331780271212,7.234581479983711e-05,0.000705495554732973
85746,24,0.38757141187656663,0.02908257022500038,0.04501234269369839,0.0,0.00017717989081567073,0.00016513724444317904,0.00017740996862166615,0.0,0.00017717989081567073,1.2042646372491695e-05,-2.3007780599541405e-07,0.00017717989081567073
85746,28,0.35308506652594174,0.028505075722932816,0.038277005520089155,0.00022139884745714372,0.001073549458242673,0.001036228731488999,0.0008726561332791494,0.00022403275853785345,0.0008521506107855292,3.7320726753673926e-05,0.0002008933249635236,0.0008495166997048195
85747,0,7.146345858741881e-08,0.06911932677030563,0.21059158756781085,0.0002351448850976267,0.0016211750234288447,0.0016211750234288447,0.0016177020083508466,0.0002360252432615475,0.001386030138331218,0.0,3.473015077998026e-06,0.001385149780167297
85747,4,0.3070643204670189,0.03902265056967735,0.11229222588699374,0.0,-0.0002851592999758567,-0.0003940578872470291,-0.0003413448483063907,0.0,-0.0002851592999758567,0.0001088985872711724,5.618554833053402e-05,-0.0002851592999758567
85747,8,0.35235083617938956,0.031451642513275146,0.07171220863559066,0.0006342409534984057,0.0021304063572898935,0.0019633373653861106,0.0020034226977751475,0.0006347805073643864,0.001496165403791488,0.00016706899190378289,0.00012698365951474598,0.0014956258499255071
85747,12,0.30700721389362257,0.030214417725801468,0.0550409156415422,0.0005186364264301918,0.0018761352376467364,0.001834358492982894,0.0018384678588498902,0.0005170189376815823,0.0013574988112165446,4.1776744663842404e-05,3.766737879684623e-05,0.0013591162999651541
85747,16,0.3094339599789249,0.03051827847957611,0.046717848353178416,0.0001939660743806489,0.0010431568123515644,0.001003484979377097,0.001003484979377097,0.00019076206341785604,0.0008491907379709156,3.967183297446742e-05,3.967183297446742e-05,0.0008523947489337084
85747,20,0.3784599530946092,0.03041621670126915,0.04774499482671779,-0.00011047675767370906,0.0003540082601514171,0.00034105065559209,0.00035052599537022116,-0.00010985096460777721,0.0004644850178251262,1.2957604559327097e-05,3.4822647811959566e-06,0.00046385922475919433
85747,24,0.39440380463430263,0.029855407774448395,0.036599957477513025,0.0,0.000441340820828362,0.0004114622992682689,0.0004375609711506726,0.0,0.000441340820828362,2.987852156009313e-05,3.7798496776894055e-06,0.000441340820828362
85747,28,0.3521448421560196,0.02957507222890854,0.039763661225754594,7.475115356893787e-05,0.0006979858794845528,0.0006160791885897187,0.0006822978242946216,7.589729819363097e-05,0.0006232347259156149,8.190669089483415e-05,1.5688055189931214e-05,0.0006220885812909219
85748,0,3.332000937312528e-08,0.06924698501825333,0.21192368472659903,0.0002121162208451167,0.0012334445052467613,0.0012334445052467613,0.0011829862840173897,0.0002166921448137349,0.0010213282844016445,0.0,5.04582212293716e-05,0.0010167523604330264
85748,4,0.27593604163870894,0.03811822831630707,0.07839800229515986,0.0,0.0,0.00014538318472465117,7.874753829163286e-05,0.0,0.0,-0.00014538318472465117,-7.874753829163286e-05,0.0
85748,8,0.37062403946259637,0.032624147832393646,0.06077393278855326,0.0005603211220217286,0.0017002669222283549,0.0014199081731475678,0.0013815014014741758,0.0005585343680364587,0.0011399458002066263,0.00028035874908078707,0.0003187655207541791,0.0011417325541918963
85748,12,0.30342426500828906,0.03260781243443489,0.07691923139641225,0.000302609947491875,0.0011818533924260466,0.0009972953887559068,0.0010675066333625156,0.00029890405931820883,0.0008792434449341716,0.00018455800367013974,0.00011434675906353098,0.0008829493331078378
85748,16,0.23677265641275455,0.03203538805246353,0.06170732903662009,0.00012138217850777658,0.0005674653129553731,0.0005126167371848253,0.0005126167371848253,0.00012231645767078593,0.0004460831344475965,5.4848575770547804e-05,5.4848575770547804e-05,0.0004451488552845871
85748,20,0.18154983183641135,0.0298379585146904,0.04820746976326746,6.785717742704361e-05,0.0007775096485765909,0.0006806991105950214,0.0007097680363730059,6.535604447275362e-05,0.0007096524711495473,9.681053798156947e-05,6.774161220358499e-05,0.0007121536041038372
85748,24,0.16917615511591316,0.03032658062875271,0.049584509620735594,0.0,0.000922252311969185,0.0008888697049822535,0.0008486641584683207,0.0,0.000922252311969185,3.3382606986931515e-05,7.358815350086434e-05,0.000922252311969185
85748,28,0.3067477692370914,0.030898453667759895,0.05430094112939663,0.0,0.0003853230883895664,0.0003967620765931342,0.000366487804071373,0.0,0.0003853230883895664,-1.1438988203567812e-05,1.8835284318193424e-05,0.0003853230883895664
